Variable_Name,Information_Value,Random_Forest,Recursive_Feature_Elimination,Extra_Trees,Chi_Square,L_One,Votes
dport,1,1,1,1,1,1,6
IP_DF,1,1,1,1,1,1,6
DNS_qr,1,1,1,1,1,1,6
TCP_chksum,1,1,1,1,1,1,6
TCP_options,1,1,1,1,1,1,6
IP_ttl,1,1,1,1,1,1,6
Protocol,1,1,1,1,1,1,6
ICMP_chksum,1,1,1,1,1,1,6
TCP_dport,1,1,1,1,1,1,6
UDP_sport,1,1,1,1,1,1,6
UDP_dport,1,1,1,1,1,1,6
ICMP_id,1,1,1,1,1,1,6
UDP_chksum,1,1,1,1,1,1,6
DNS_ancount,1,1,1,1,1,1,6
DNS_aa,1,1,1,1,1,1,6
IP_flags,1,1,1,1,1,1,6
IP_proto,1,1,1,1,1,1,6
DNS_id,1,1,1,1,1,1,6
payload_bytes,1,1,1,1,1,1,6
pck_size,1,1,1,1,1,1,6
IP_len,1,1,1,1,1,1,6
TCP_dataofs,1,1,1,1,1,1,6
entropy,1,1,1,1,1,1,6
dport_class,1,1,1,1,1,1,6
sport,1,1,1,1,1,1,6
sport_class,1,1,1,1,1,1,6
TCP_sport,1,1,1,1,1,1,6
TCP_PSH,1,1,0,1,1,1,5
DNS_rd,1,1,0,1,1,1,5
BOOTP_xid,0,1,1,1,1,1,5
TCP_RST,1,1,0,1,1,1,5
UDP_len,1,1,1,1,0,1,5
IP_id,1,1,1,1,0,1,5
TCP_flags,1,1,1,1,0,1,5
ICMP_seq,1,1,0,1,1,1,5
ICMP_type,1,1,0,1,1,1,5
TCP_FIN,1,1,0,1,1,1,5
TCP_seq,1,1,1,1,0,1,5
TCP_window,1,1,1,1,0,1,5
TCP_ack,0,1,1,1,0,1,4
TCP_SYN,1,1,0,1,1,0,4
DNS_qdcount,0,1,1,1,1,0,4
IP_tos,1,0,1,0,1,1,4
TCP_ACK,1,1,1,1,0,0,4
BOOTP_flags,0,1,1,1,0,0,3
DNS_nscount,0,0,1,1,1,0,3
IP_ihl,1,0,1,0,0,1,3
Ether_type,1,0,1,0,0,1,3
LLC_ctrl,0,0,1,0,0,1,2
IP_version,1,0,1,0,0,0,2
BOOTP_hlen,0,0,1,0,1,0,2
EAPOL_len,0,0,1,0,0,1,2
DHCP_options,0,1,0,0,0,0,1
BOOTP_op,1,0,0,0,0,0,1
DNS_arcount,0,0,0,0,1,0,1
IP_options,0,0,0,0,1,0,1
BOOTP_options,0,0,0,0,1,0,1
BOOTP_htype,0,0,0,0,1,0,1
BOOTP_sname,0,0,0,0,1,0,1
BOOTP_file,0,0,0,0,1,0,1
ICMP_nexthopmtu,0,0,0,0,0,0,0
ICMP_ts_tx,0,0,0,0,0,0,0
ICMP_ts_rx,0,0,0,0,0,0,0
ICMP_ts_ori,0,0,0,0,0,0,0
ICMP_reserved,0,0,0,0,0,0,0
LLC_dsap,0,0,0,0,0,0,0
TCP_CWR,0,0,0,0,0,0,0
DNS_tc,0,0,0,0,0,0,0
DNS_z,0,0,0,0,0,0,0
TCP_ECE,0,0,0,0,0,0,0
ICMP_length,0,0,0,0,0,0,0
TCP_URG,0,0,0,0,0,0,0
ICMP_ptr,0,0,0,0,0,0,0
IP_Z,0,0,0,0,0,0,0
ICMP_unused,0,0,0,0,0,0,0
DNS_cd,0,0,0,0,0,0,0
DNS_rcode,0,0,0,0,0,0,0
IP_frag,0,0,0,0,0,0,0
TCP_reserved,0,0,0,0,0,0,0
DNS_opcode,0,0,0,0,0,0,0
DNS_length,0,0,0,0,0,0,0
TCP_urgptr,0,0,0,0,0,0,0
DNS_ad,0,0,0,0,0,0,0
DNS_ra,0,0,0,0,0,0,0
BOOTP_hops,0,0,0,0,0,0,0
ICMP_code,0,0,0,0,0,0,0
BOOTP_secs,0,0,0,0,0,0,0
LLC_ssap,0,0,0,0,0,0,0
EAPOL_type,0,0,0,0,0,0,0
EAPOL_version,0,0,0,0,0,0,0
IP_MF,0,0,0,0,0,0,0
